model,index,y_hat,cf_y_hat,changes_json,x_json,cf_json
counternet,1771,0,1,"[{""feature"": ""ExternalRiskEstimate"", ""from"": 58.0, ""to"": 116.83795166015625}, {""feature"": ""MSinceOldestTradeOpen"", ""from"": 33.0, ""to"": 142.0942840576172}, {""feature"": ""MSinceMostRecentTradeOpen"", ""from"": 5.0, ""to"": 49.02063751220703}, {""feature"": ""AverageMInFile"", ""from"": 17.999998092651367, ""to"": 93.96470642089844}, {""feature"": ""NumSatisfactoryTrades"", ""from"": 12.0, ""to"": 90.44305419921875}, {""feature"": ""NumTrades60Ever2DerogPubRec"", ""from"": 0.0, ""to"": -25.116992950439453}, {""feature"": ""NumTrades90Ever2DerogPubRec"", ""from"": 0.0, ""to"": -20.111127853393555}, {""feature"": ""PercentTradesNeverDelq"", ""from"": 100.0, ""to"": 148.17457580566406}, {""feature"": ""MSinceMostRecentDelq"", ""from"": -7.0, ""to"": 77.57708740234375}, {""feature"": ""NumTotalTrades"", ""from"": 12.0, ""to"": 67.69140625}, {""feature"": ""NumTradesOpeninLast12M"", ""from"": 4.0, ""to"": -12.126871109008789}, {""feature"": ""PercentInstallTrades"", ""from"": 49.999996185302734, ""to"": 17.1287899017334}, {""feature"": ""MSinceMostRecentInqexcl7days"", ""from"": 0.0, ""to"": 118.92768096923828}, {""feature"": ""NumInqLast6M"", ""from"": 1.0, ""to"": -79.069091796875}, {""feature"": ""NumInqLast6Mexcl7days"", ""from"": 1.0, ""to"": -69.47505187988281}, {""feature"": ""NetFractionRevolvingBurden"", ""from"": 95.99999237060547, ""to"": 7.760234832763672}, {""feature"": ""NetFractionInstallBurden"", ""from"": 68.0, ""to"": -3.2154879570007324}, {""feature"": ""NumRevolvingTradesWBalance"", ""from"": 5.0, ""to"": -17.41259765625}, {""feature"": ""NumInstallTradesWBalance"", ""from"": 5.0, ""to"": 14.861406326293945}, {""feature"": ""NumBank2NatlTradesWHighUtilization"", ""from"": 4.0, ""to"": -10.994430541992188}, {""feature"": ""PercentTradesWBalance"", ""from"": 91.0, ""to"": 66.95649719238281}, {""feature"": ""MaxDelq2PublicRecLast12M"", ""from"": ""Never Delinquent"", ""to"": ""30 Days Delinquent""}, {""feature"": ""MaxDelqEver"", ""from"": ""Never Delinquent"", ""to"": ""30 Days Delinquent""}]","{""ExternalRiskEstimate"": 58.0, ""MSinceOldestTradeOpen"": 33.0, ""MSinceMostRecentTradeOpen"": 5.0, ""AverageMInFile"": 17.999998092651367, ""NumSatisfactoryTrades"": 12.0, ""NumTrades60Ever2DerogPubRec"": 0.0, ""NumTrades90Ever2DerogPubRec"": 0.0, ""PercentTradesNeverDelq"": 100.0, ""MSinceMostRecentDelq"": -7.0, ""NumTotalTrades"": 12.0, ""NumTradesOpeninLast12M"": 4.0, ""PercentInstallTrades"": 49.999996185302734, ""MSinceMostRecentInqexcl7days"": 0.0, ""NumInqLast6M"": 1.0, ""NumInqLast6Mexcl7days"": 1.0, ""NetFractionRevolvingBurden"": 95.99999237060547, ""NetFractionInstallBurden"": 68.0, ""NumRevolvingTradesWBalance"": 5.0, ""NumInstallTradesWBalance"": 5.0, ""NumBank2NatlTradesWHighUtilization"": 4.0, ""PercentTradesWBalance"": 91.0, ""MaxDelq2PublicRecLast12M"": ""Never Delinquent"", ""MaxDelqEver"": ""Never Delinquent""}","{""ExternalRiskEstimate"": 116.83795166015625, ""MSinceOldestTradeOpen"": 142.0942840576172, ""MSinceMostRecentTradeOpen"": 49.02063751220703, ""AverageMInFile"": 93.96470642089844, ""NumSatisfactoryTrades"": 90.44305419921875, ""NumTrades60Ever2DerogPubRec"": -25.116992950439453, ""NumTrades90Ever2DerogPubRec"": -20.111127853393555, ""PercentTradesNeverDelq"": 148.17457580566406, ""MSinceMostRecentDelq"": 77.57708740234375, ""NumTotalTrades"": 67.69140625, ""NumTradesOpeninLast12M"": -12.126871109008789, ""PercentInstallTrades"": 17.1287899017334, ""MSinceMostRecentInqexcl7days"": 118.92768096923828, ""NumInqLast6M"": -79.069091796875, ""NumInqLast6Mexcl7days"": -69.47505187988281, ""NetFractionRevolvingBurden"": 7.760234832763672, ""NetFractionInstallBurden"": -3.2154879570007324, ""NumRevolvingTradesWBalance"": -17.41259765625, ""NumInstallTradesWBalance"": 14.861406326293945, ""NumBank2NatlTradesWHighUtilization"": -10.994430541992188, ""PercentTradesWBalance"": 66.95649719238281, ""MaxDelq2PublicRecLast12M"": ""30 Days Delinquent"", ""MaxDelqEver"": ""30 Days Delinquent""}"
counternet,1701,1,0,"[{""feature"": ""ExternalRiskEstimate"", ""from"": 91.0, ""to"": -244.01715087890625}, {""feature"": ""MSinceOldestTradeOpen"", ""from"": 132.0, ""to"": 285.647705078125}, {""feature"": ""MSinceMostRecentTradeOpen"", ""from"": 36.0, ""to"": 57.671470642089844}, {""feature"": ""AverageMInFile"", ""from"": 143.0, ""to"": -182.16404724121094}, {""feature"": ""NumSatisfactoryTrades"", ""from"": 13.0, ""to"": -228.19720458984375}, {""feature"": ""NumTrades60Ever2DerogPubRec"", ""from"": 0.0, ""to"": 156.14089965820312}, {""feature"": ""NumTrades90Ever2DerogPubRec"", ""from"": 0.0, ""to"": 120.242919921875}, {""feature"": ""PercentTradesNeverDelq"", ""from"": 100.0, ""to"": -34.210365295410156}, {""feature"": ""MSinceMostRecentDelq"", ""from"": -7.0, ""to"": -219.06089782714844}, {""feature"": ""NumTotalTrades"", ""from"": 2.0, ""to"": -12.67634391784668}, {""feature"": ""NumTradesOpeninLast12M"", ""from"": 0.0, ""to"": 246.67855834960938}, {""feature"": ""PercentInstallTrades"", ""from"": 8.0, ""to"": -35.39634704589844}, {""feature"": ""MSinceMostRecentInqexcl7days"", ""from"": 21.0, ""to"": -667.3775024414062}, {""feature"": ""NumInqLast6M"", ""from"": 0.0, ""to"": 554.2064208984375}, {""feature"": ""NumInqLast6Mexcl7days"", ""from"": 0.0, ""to"": 516.371826171875}, {""feature"": ""NetFractionRevolvingBurden"", ""from"": 9.0, ""to"": 550.22021484375}, {""feature"": ""NetFractionInstallBurden"", ""from"": -8.0, ""to"": 22.801349639892578}, {""feature"": ""NumRevolvingTradesWBalance"", ""from"": 2.0, ""to"": 430.55499267578125}, {""feature"": ""NumInstallTradesWBalance"", ""from"": -8.0, ""to"": -149.50833129882812}, {""feature"": ""NumBank2NatlTradesWHighUtilization"", ""from"": 0.0, ""to"": 110.43054962158203}, {""feature"": ""PercentTradesWBalance"", ""from"": 22.000001907348633, ""to"": 167.45533752441406}]","{""ExternalRiskEstimate"": 91.0, ""MSinceOldestTradeOpen"": 132.0, ""MSinceMostRecentTradeOpen"": 36.0, ""AverageMInFile"": 143.0, ""NumSatisfactoryTrades"": 13.0, ""NumTrades60Ever2DerogPubRec"": 0.0, ""NumTrades90Ever2DerogPubRec"": 0.0, ""PercentTradesNeverDelq"": 100.0, ""MSinceMostRecentDelq"": -7.0, ""NumTotalTrades"": 2.0, ""NumTradesOpeninLast12M"": 0.0, ""PercentInstallTrades"": 8.0, ""MSinceMostRecentInqexcl7days"": 21.0, ""NumInqLast6M"": 0.0, ""NumInqLast6Mexcl7days"": 0.0, ""NetFractionRevolvingBurden"": 9.0, ""NetFractionInstallBurden"": -8.0, ""NumRevolvingTradesWBalance"": 2.0, ""NumInstallTradesWBalance"": -8.0, ""NumBank2NatlTradesWHighUtilization"": 0.0, ""PercentTradesWBalance"": 22.000001907348633, ""MaxDelq2PublicRecLast12M"": ""Never Delinquent"", ""MaxDelqEver"": ""Never Delinquent""}","{""ExternalRiskEstimate"": -244.01715087890625, ""MSinceOldestTradeOpen"": 285.647705078125, ""MSinceMostRecentTradeOpen"": 57.671470642089844, ""AverageMInFile"": -182.16404724121094, ""NumSatisfactoryTrades"": -228.19720458984375, ""NumTrades60Ever2DerogPubRec"": 156.14089965820312, ""NumTrades90Ever2DerogPubRec"": 120.242919921875, ""PercentTradesNeverDelq"": -34.210365295410156, ""MSinceMostRecentDelq"": -219.06089782714844, ""NumTotalTrades"": -12.67634391784668, ""NumTradesOpeninLast12M"": 246.67855834960938, ""PercentInstallTrades"": -35.39634704589844, ""MSinceMostRecentInqexcl7days"": -667.3775024414062, ""NumInqLast6M"": 554.2064208984375, ""NumInqLast6Mexcl7days"": 516.371826171875, ""NetFractionRevolvingBurden"": 550.22021484375, ""NetFractionInstallBurden"": 22.801349639892578, ""NumRevolvingTradesWBalance"": 430.55499267578125, ""NumInstallTradesWBalance"": -149.50833129882812, ""NumBank2NatlTradesWHighUtilization"": 110.43054962158203, ""PercentTradesWBalance"": 167.45533752441406, ""MaxDelq2PublicRecLast12M"": ""Never Delinquent"", ""MaxDelqEver"": ""Never Delinquent""}"
counternet,1327,0,1,"[{""feature"": ""ExternalRiskEstimate"", ""from"": 63.0, ""to"": 91.3362045288086}, {""feature"": ""MSinceOldestTradeOpen"", ""from"": 211.99998474121094, ""to"": 170.97605895996094}, {""feature"": ""MSinceMostRecentTradeOpen"", ""from"": 3.0, ""to"": -35.006103515625}, {""feature"": ""AverageMInFile"", ""from"": 62.0, ""to"": 88.4651107788086}, {""feature"": ""NumSatisfactoryTrades"", ""from"": 16.0, ""to"": 68.99678039550781}, {""feature"": ""NumTrades60Ever2DerogPubRec"", ""from"": 2.0, ""to"": -25.113906860351562}, {""feature"": ""NumTrades90Ever2DerogPubRec"", ""from"": 0.0, ""to"": -19.74892234802246}, {""feature"": ""PercentTradesNeverDelq"", ""from"": 72.0, ""to"": 103.67007446289062}, {""feature"": ""MSinceMostRecentDelq"", ""from"": 12.0, ""to"": 31.72060775756836}, {""feature"": ""NumTotalTrades"", ""from"": 20.000001907348633, ""to"": 46.60256576538086}, {""feature"": ""NumTradesOpeninLast12M"", ""from"": 1.0, ""to"": -13.915922164916992}, {""feature"": ""PercentInstallTrades"", ""from"": 44.0, ""to"": -4.714966773986816}, {""feature"": ""MSinceMostRecentInqexcl7days"", ""from"": -7.0, ""to"": 87.33719635009766}, {""feature"": ""NumInqLast6M"", ""from"": 2.0, ""to"": -50.542110443115234}, {""feature"": ""NumInqLast6Mexcl7days"", ""from"": 2.0, ""to"": -41.8148193359375}, {""feature"": ""NetFractionRevolvingBurden"", ""from"": 66.0, ""to"": 20.44754409790039}, {""feature"": ""NetFractionInstallBurden"", ""from"": 89.0, ""to"": 40.09328079223633}, {""feature"": ""NumRevolvingTradesWBalance"", ""from"": 3.0, ""to"": -7.053725242614746}, {""feature"": ""NumInstallTradesWBalance"", ""from"": 5.0, ""to"": 14.776517868041992}, {""feature"": ""NumBank2NatlTradesWHighUtilization"", ""from"": 2.0, ""to"": 26.670581817626953}, {""feature"": ""PercentTradesWBalance"", ""from"": 73.0, ""to"": 57.71330261230469}, {""feature"": ""MaxDelqEver"", ""from"": ""60 Days Delinquent"", ""to"": ""30 Days Delinquent""}]","{""ExternalRiskEstimate"": 63.0, ""MSinceOldestTradeOpen"": 211.99998474121094, ""MSinceMostRecentTradeOpen"": 3.0, ""AverageMInFile"": 62.0, ""NumSatisfactoryTrades"": 16.0, ""NumTrades60Ever2DerogPubRec"": 2.0, ""NumTrades90Ever2DerogPubRec"": 0.0, ""PercentTradesNeverDelq"": 72.0, ""MSinceMostRecentDelq"": 12.0, ""NumTotalTrades"": 20.000001907348633, ""NumTradesOpeninLast12M"": 1.0, ""PercentInstallTrades"": 44.0, ""MSinceMostRecentInqexcl7days"": -7.0, ""NumInqLast6M"": 2.0, ""NumInqLast6Mexcl7days"": 2.0, ""NetFractionRevolvingBurden"": 66.0, ""NetFractionInstallBurden"": 89.0, ""NumRevolvingTradesWBalance"": 3.0, ""NumInstallTradesWBalance"": 5.0, ""NumBank2NatlTradesWHighUtilization"": 2.0, ""PercentTradesWBalance"": 73.0, ""MaxDelq2PublicRecLast12M"": NaN, ""MaxDelqEver"": ""60 Days Delinquent""}","{""ExternalRiskEstimate"": 91.3362045288086, ""MSinceOldestTradeOpen"": 170.97605895996094, ""MSinceMostRecentTradeOpen"": -35.006103515625, ""AverageMInFile"": 88.4651107788086, ""NumSatisfactoryTrades"": 68.99678039550781, ""NumTrades60Ever2DerogPubRec"": -25.113906860351562, ""NumTrades90Ever2DerogPubRec"": -19.74892234802246, ""PercentTradesNeverDelq"": 103.67007446289062, ""MSinceMostRecentDelq"": 31.72060775756836, ""NumTotalTrades"": 46.60256576538086, ""NumTradesOpeninLast12M"": -13.915922164916992, ""PercentInstallTrades"": -4.714966773986816, ""MSinceMostRecentInqexcl7days"": 87.33719635009766, ""NumInqLast6M"": -50.542110443115234, ""NumInqLast6Mexcl7days"": -41.8148193359375, ""NetFractionRevolvingBurden"": 20.44754409790039, ""NetFractionInstallBurden"": 40.09328079223633, ""NumRevolvingTradesWBalance"": -7.053725242614746, ""NumInstallTradesWBalance"": 14.776517868041992, ""NumBank2NatlTradesWHighUtilization"": 26.670581817626953, ""PercentTradesWBalance"": 57.71330261230469, ""MaxDelq2PublicRecLast12M"": NaN, ""MaxDelqEver"": ""30 Days Delinquent""}"
counternet,1065,0,1,"[{""feature"": ""ExternalRiskEstimate"", ""from"": 59.0, ""to"": 88.25362396240234}, {""feature"": ""MSinceOldestTradeOpen"", ""from"": 90.0, ""to"": 174.72158813476562}, {""feature"": ""MSinceMostRecentTradeOpen"", ""from"": 11.0, ""to"": -48.12948989868164}, {""feature"": ""AverageMInFile"", ""from"": 49.999996185302734, ""to"": 87.89572143554688}, {""feature"": ""NumSatisfactoryTrades"", ""from"": 27.0, ""to"": 66.37060546875}, {""feature"": ""NumTrades60Ever2DerogPubRec"", ""from"": 0.0, ""to"": -25.623886108398438}, {""feature"": ""NumTrades90Ever2DerogPubRec"", ""from"": 0.0, ""to"": -19.921579360961914}, {""feature"": ""PercentTradesNeverDelq"", ""from"": 95.99999237060547, ""to"": 97.97537231445312}, {""feature"": ""MSinceMostRecentDelq"", ""from"": 76.0, ""to"": 25.63998031616211}, {""feature"": ""NumTotalTrades"", ""from"": 27.0, ""to"": 43.81709671020508}, {""feature"": ""NumTradesOpeninLast12M"", ""from"": 1.0, ""to"": -14.587743759155273}, {""feature"": ""PercentInstallTrades"", ""from"": 15.0, ""to"": -7.701045989990234}, {""feature"": ""MSinceMostRecentInqexcl7days"", ""from"": 1.0, ""to"": 83.06398010253906}, {""feature"": ""NumInqLast6M"", ""from"": 2.0, ""to"": -46.70586013793945}, {""feature"": ""NumInqLast6Mexcl7days"", ""from"": 2.0, ""to"": -38.00563430786133}, {""feature"": ""NetFractionRevolvingBurden"", ""from"": 68.0, ""to"": 22.666154861450195}, {""feature"": ""NetFractionInstallBurden"", ""from"": 83.0, ""to"": 47.71113204956055}, {""feature"": ""NumRevolvingTradesWBalance"", ""from"": 11.0, ""to"": -5.4318108558654785}, {""feature"": ""NumInstallTradesWBalance"", ""from"": 1.0, ""to"": 15.05807113647461}, {""feature"": ""NumBank2NatlTradesWHighUtilization"", ""from"": 2.0, ""to"": 32.3060188293457}, {""feature"": ""PercentTradesWBalance"", ""from"": 86.0, ""to"": 56.692657470703125}]","{""ExternalRiskEstimate"": 59.0, ""MSinceOldestTradeOpen"": 90.0, ""MSinceMostRecentTradeOpen"": 11.0, ""AverageMInFile"": 49.999996185302734, ""NumSatisfactoryTrades"": 27.0, ""NumTrades60Ever2DerogPubRec"": 0.0, ""NumTrades90Ever2DerogPubRec"": 0.0, ""PercentTradesNeverDelq"": 95.99999237060547, ""MSinceMostRecentDelq"": 76.0, ""NumTotalTrades"": 27.0, ""NumTradesOpeninLast12M"": 1.0, ""PercentInstallTrades"": 15.0, ""MSinceMostRecentInqexcl7days"": 1.0, ""NumInqLast6M"": 2.0, ""NumInqLast6Mexcl7days"": 2.0, ""NetFractionRevolvingBurden"": 68.0, ""NetFractionInstallBurden"": 83.0, ""NumRevolvingTradesWBalance"": 11.0, ""NumInstallTradesWBalance"": 1.0, ""NumBank2NatlTradesWHighUtilization"": 2.0, ""PercentTradesWBalance"": 86.0, ""MaxDelq2PublicRecLast12M"": NaN, ""MaxDelqEver"": ""30 Days Delinquent""}","{""ExternalRiskEstimate"": 88.25362396240234, ""MSinceOldestTradeOpen"": 174.72158813476562, ""MSinceMostRecentTradeOpen"": -48.12948989868164, ""AverageMInFile"": 87.89572143554688, ""NumSatisfactoryTrades"": 66.37060546875, ""NumTrades60Ever2DerogPubRec"": -25.623886108398438, ""NumTrades90Ever2DerogPubRec"": -19.921579360961914, ""PercentTradesNeverDelq"": 97.97537231445312, ""MSinceMostRecentDelq"": 25.63998031616211, ""NumTotalTrades"": 43.81709671020508, ""NumTradesOpeninLast12M"": -14.587743759155273, ""PercentInstallTrades"": -7.701045989990234, ""MSinceMostRecentInqexcl7days"": 83.06398010253906, ""NumInqLast6M"": -46.70586013793945, ""NumInqLast6Mexcl7days"": -38.00563430786133, ""NetFractionRevolvingBurden"": 22.666154861450195, ""NetFractionInstallBurden"": 47.71113204956055, ""NumRevolvingTradesWBalance"": -5.4318108558654785, ""NumInstallTradesWBalance"": 15.05807113647461, ""NumBank2NatlTradesWHighUtilization"": 32.3060188293457, ""PercentTradesWBalance"": 56.692657470703125, ""MaxDelq2PublicRecLast12M"": NaN, ""MaxDelqEver"": ""30 Days Delinquent""}"
counternet,562,1,0,"[{""feature"": ""ExternalRiskEstimate"", ""from"": 86.0, ""to"": -218.07627868652344}, {""feature"": ""MSinceOldestTradeOpen"", ""from"": 292.0, ""to"": 282.1808166503906}, {""feature"": ""MSinceMostRecentTradeOpen"", ""from"": 5.0, ""to"": 61.82551574707031}, {""feature"": ""AverageMInFile"", ""from"": 114.0, ""to"": -155.89329528808594}, {""feature"": ""NumSatisfactoryTrades"", ""from"": 20.000001907348633, ""to"": -207.52053833007812}, {""feature"": ""NumTrades60Ever2DerogPubRec"", ""from"": 0.0, ""to"": 141.52371215820312}, {""feature"": ""NumTrades90Ever2DerogPubRec"", ""from"": 0.0, ""to"": 108.65286254882812}, {""feature"": ""PercentTradesNeverDelq"", ""from"": 100.0, ""to"": -21.134620666503906}, {""feature"": ""MSinceMostRecentDelq"", ""from"": -7.0, ""to"": -199.8069610595703}, {""feature"": ""NumTotalTrades"", ""from"": 22.000001907348633, ""to"": -6.75253963470459}, {""feature"": ""NumTradesOpeninLast12M"", ""from"": 1.0, ""to"": 223.85301208496094}, {""feature"": ""PercentInstallTrades"", ""from"": 24.0, ""to"": -42.066097259521484}, {""feature"": ""MSinceMostRecentInqexcl7days"", ""from"": 6.0, ""to"": -625.3898315429688}, {""feature"": ""NumInqLast6M"", ""from"": 0.0, ""to"": 515.8809814453125}, {""feature"": ""NumInqLast6Mexcl7days"", ""from"": 0.0, ""to"": 482.4547119140625}, {""feature"": ""NetFractionRevolvingBurden"", ""from"": 6.0, ""to"": 518.9845581054688}, {""feature"": ""NetFractionInstallBurden"", ""from"": 12.0, ""to"": 22.278955459594727}, {""feature"": ""NumRevolvingTradesWBalance"", ""from"": 3.0, ""to"": 398.8654479980469}, {""feature"": ""NumInstallTradesWBalance"", ""from"": 1.0, ""to"": -137.45892333984375}, {""feature"": ""NumBank2NatlTradesWHighUtilization"", ""from"": 1.0, ""to"": 107.121337890625}, {""feature"": ""PercentTradesWBalance"", ""from"": 57.0, ""to"": 153.8983612060547}]","{""ExternalRiskEstimate"": 86.0, ""MSinceOldestTradeOpen"": 292.0, ""MSinceMostRecentTradeOpen"": 5.0, ""AverageMInFile"": 114.0, ""NumSatisfactoryTrades"": 20.000001907348633, ""NumTrades60Ever2DerogPubRec"": 0.0, ""NumTrades90Ever2DerogPubRec"": 0.0, ""PercentTradesNeverDelq"": 100.0, ""MSinceMostRecentDelq"": -7.0, ""NumTotalTrades"": 22.000001907348633, ""NumTradesOpeninLast12M"": 1.0, ""PercentInstallTrades"": 24.0, ""MSinceMostRecentInqexcl7days"": 6.0, ""NumInqLast6M"": 0.0, ""NumInqLast6Mexcl7days"": 0.0, ""NetFractionRevolvingBurden"": 6.0, ""NetFractionInstallBurden"": 12.0, ""NumRevolvingTradesWBalance"": 3.0, ""NumInstallTradesWBalance"": 1.0, ""NumBank2NatlTradesWHighUtilization"": 1.0, ""PercentTradesWBalance"": 57.0, ""MaxDelq2PublicRecLast12M"": ""Never Delinquent"", ""MaxDelqEver"": ""Never Delinquent""}","{""ExternalRiskEstimate"": -218.07627868652344, ""MSinceOldestTradeOpen"": 282.1808166503906, ""MSinceMostRecentTradeOpen"": 61.82551574707031, ""AverageMInFile"": -155.89329528808594, ""NumSatisfactoryTrades"": -207.52053833007812, ""NumTrades60Ever2DerogPubRec"": 141.52371215820312, ""NumTrades90Ever2DerogPubRec"": 108.65286254882812, ""PercentTradesNeverDelq"": -21.134620666503906, ""MSinceMostRecentDelq"": -199.8069610595703, ""NumTotalTrades"": -6.75253963470459, ""NumTradesOpeninLast12M"": 223.85301208496094, ""PercentInstallTrades"": -42.066097259521484, ""MSinceMostRecentInqexcl7days"": -625.3898315429688, ""NumInqLast6M"": 515.8809814453125, ""NumInqLast6Mexcl7days"": 482.4547119140625, ""NetFractionRevolvingBurden"": 518.9845581054688, ""NetFractionInstallBurden"": 22.278955459594727, ""NumRevolvingTradesWBalance"": 398.8654479980469, ""NumInstallTradesWBalance"": -137.45892333984375, ""NumBank2NatlTradesWHighUtilization"": 107.121337890625, ""PercentTradesWBalance"": 153.8983612060547, ""MaxDelq2PublicRecLast12M"": ""Never Delinquent"", ""MaxDelqEver"": ""Never Delinquent""}"
counternet,85,1,0,"[{""feature"": ""ExternalRiskEstimate"", ""from"": 87.0, ""to"": -195.16043090820312}, {""feature"": ""MSinceOldestTradeOpen"", ""from"": 318.0, ""to"": 278.41571044921875}, {""feature"": ""MSinceMostRecentTradeOpen"", ""from"": 31.0, ""to"": 64.08047485351562}, {""feature"": ""AverageMInFile"", ""from"": 98.99999237060547, ""to"": -130.7893829345703}, {""feature"": ""NumSatisfactoryTrades"", ""from"": 12.0, ""to"": -190.1791229248047}, {""feature"": ""NumTrades60Ever2DerogPubRec"", ""from"": 0.0, ""to"": 129.39523315429688}, {""feature"": ""NumTrades90Ever2DerogPubRec"", ""from"": 0.0, ""to"": 98.97976684570312}, {""feature"": ""PercentTradesNeverDelq"", ""from"": 100.0, ""to"": -10.927252769470215}, {""feature"": ""MSinceMostRecentDelq"", ""from"": -7.0, ""to"": -183.2284698486328}, {""feature"": ""NumTotalTrades"", ""from"": 12.0, ""to"": -2.1931657791137695}, {""feature"": ""NumTradesOpeninLast12M"", ""from"": 0.0, ""to"": 201.65017700195312}, {""feature"": ""PercentInstallTrades"", ""from"": 25.0, ""to"": -46.27149200439453}, {""feature"": ""MSinceMostRecentInqexcl7days"", ""from"": 0.0, ""to"": -585.455322265625}, {""feature"": ""NumInqLast6M"", ""from"": 0.0, ""to"": 480.701904296875}, {""feature"": ""NumInqLast6Mexcl7days"", ""from"": 0.0, ""to"": 450.9760437011719}, {""feature"": ""NetFractionRevolvingBurden"", ""from"": 0.0, ""to"": 487.5234069824219}, {""feature"": ""NetFractionInstallBurden"", ""from"": 52.0, ""to"": 21.1921443939209}, {""feature"": ""NumRevolvingTradesWBalance"", ""from"": 0.0, ""to"": 368.53729248046875}, {""feature"": ""NumInstallTradesWBalance"", ""from"": 2.0, ""to"": -127.41307830810547}, {""feature"": ""NumBank2NatlTradesWHighUtilization"", ""from"": 0.0, ""to"": 100.52095794677734}, {""feature"": ""PercentTradesWBalance"", ""from"": 25.0, ""to"": 140.9736785888672}]","{""ExternalRiskEstimate"": 87.0, ""MSinceOldestTradeOpen"": 318.0, ""MSinceMostRecentTradeOpen"": 31.0, ""AverageMInFile"": 98.99999237060547, ""NumSatisfactoryTrades"": 12.0, ""NumTrades60Ever2DerogPubRec"": 0.0, ""NumTrades90Ever2DerogPubRec"": 0.0, ""PercentTradesNeverDelq"": 100.0, ""MSinceMostRecentDelq"": -7.0, ""NumTotalTrades"": 12.0, ""NumTradesOpeninLast12M"": 0.0, ""PercentInstallTrades"": 25.0, ""MSinceMostRecentInqexcl7days"": 0.0, ""NumInqLast6M"": 0.0, ""NumInqLast6Mexcl7days"": 0.0, ""NetFractionRevolvingBurden"": 0.0, ""NetFractionInstallBurden"": 52.0, ""NumRevolvingTradesWBalance"": 0.0, ""NumInstallTradesWBalance"": 2.0, ""NumBank2NatlTradesWHighUtilization"": 0.0, ""PercentTradesWBalance"": 25.0, ""MaxDelq2PublicRecLast12M"": ""Never Delinquent"", ""MaxDelqEver"": ""Never Delinquent""}","{""ExternalRiskEstimate"": -195.16043090820312, ""MSinceOldestTradeOpen"": 278.41571044921875, ""MSinceMostRecentTradeOpen"": 64.08047485351562, ""AverageMInFile"": -130.7893829345703, ""NumSatisfactoryTrades"": -190.1791229248047, ""NumTrades60Ever2DerogPubRec"": 129.39523315429688, ""NumTrades90Ever2DerogPubRec"": 98.97976684570312, ""PercentTradesNeverDelq"": -10.927252769470215, ""MSinceMostRecentDelq"": -183.2284698486328, ""NumTotalTrades"": -2.1931657791137695, ""NumTradesOpeninLast12M"": 201.65017700195312, ""PercentInstallTrades"": -46.27149200439453, ""MSinceMostRecentInqexcl7days"": -585.455322265625, ""NumInqLast6M"": 480.701904296875, ""NumInqLast6Mexcl7days"": 450.9760437011719, ""NetFractionRevolvingBurden"": 487.5234069824219, ""NetFractionInstallBurden"": 21.1921443939209, ""NumRevolvingTradesWBalance"": 368.53729248046875, ""NumInstallTradesWBalance"": -127.41307830810547, ""NumBank2NatlTradesWHighUtilization"": 100.52095794677734, ""PercentTradesWBalance"": 140.9736785888672, ""MaxDelq2PublicRecLast12M"": ""Never Delinquent"", ""MaxDelqEver"": ""Never Delinquent""}"
counternet,34,1,0,"[{""feature"": ""ExternalRiskEstimate"", ""from"": 85.0, ""to"": -162.2661895751953}, {""feature"": ""MSinceOldestTradeOpen"", ""from"": 319.0, ""to"": 270.47747802734375}, {""feature"": ""MSinceMostRecentTradeOpen"", ""from"": 3.0, ""to"": 68.91451263427734}, {""feature"": ""AverageMInFile"", ""from"": 91.0, ""to"": -96.05390167236328}, {""feature"": ""NumSatisfactoryTrades"", ""from"": 15.0, ""to"": -167.0576934814453}, {""feature"": ""NumTrades60Ever2DerogPubRec"", ""from"": 0.0, ""to"": 113.1419906616211}, {""feature"": ""NumTrades90Ever2DerogPubRec"", ""from"": 0.0, ""to"": 86.6867904663086}, {""feature"": ""PercentTradesNeverDelq"", ""from"": 100.0, ""to"": 0.3739185333251953}, {""feature"": ""MSinceMostRecentDelq"", ""from"": -7.0, ""to"": -159.46722412109375}, {""feature"": ""NumTotalTrades"", ""from"": 17.0, ""to"": 0.33565521240234375}, {""feature"": ""NumTradesOpeninLast12M"", ""from"": 2.0, ""to"": 171.07615661621094}, {""feature"": ""PercentInstallTrades"", ""from"": 24.0, ""to"": -51.631591796875}, {""feature"": ""MSinceMostRecentInqexcl7days"", ""from"": 0.0, ""to"": -524.7946166992188}, {""feature"": ""NumInqLast6M"", ""from"": 5.0, ""to"": 428.43206787109375}, {""feature"": ""NumInqLast6Mexcl7days"", ""from"": 5.0, ""to"": 404.7078857421875}, {""feature"": ""NetFractionRevolvingBurden"", ""from"": 3.0, ""to"": 443.8172302246094}, {""feature"": ""NetFractionInstallBurden"", ""from"": -8.0, ""to"": 21.56159019470215}, {""feature"": ""NumRevolvingTradesWBalance"", ""from"": 2.0, ""to"": 323.88726806640625}, {""feature"": ""NumInstallTradesWBalance"", ""from"": 1.0, ""to"": -114.90705108642578}, {""feature"": ""NumBank2NatlTradesWHighUtilization"", ""from"": 0.0, ""to"": 90.34229278564453}, {""feature"": ""PercentTradesWBalance"", ""from"": 49.999996185302734, ""to"": 123.98892211914062}]","{""ExternalRiskEstimate"": 85.0, ""MSinceOldestTradeOpen"": 319.0, ""MSinceMostRecentTradeOpen"": 3.0, ""AverageMInFile"": 91.0, ""NumSatisfactoryTrades"": 15.0, ""NumTrades60Ever2DerogPubRec"": 0.0, ""NumTrades90Ever2DerogPubRec"": 0.0, ""PercentTradesNeverDelq"": 100.0, ""MSinceMostRecentDelq"": -7.0, ""NumTotalTrades"": 17.0, ""NumTradesOpeninLast12M"": 2.0, ""PercentInstallTrades"": 24.0, ""MSinceMostRecentInqexcl7days"": 0.0, ""NumInqLast6M"": 5.0, ""NumInqLast6Mexcl7days"": 5.0, ""NetFractionRevolvingBurden"": 3.0, ""NetFractionInstallBurden"": -8.0, ""NumRevolvingTradesWBalance"": 2.0, ""NumInstallTradesWBalance"": 1.0, ""NumBank2NatlTradesWHighUtilization"": 0.0, ""PercentTradesWBalance"": 49.999996185302734, ""MaxDelq2PublicRecLast12M"": ""Never Delinquent"", ""MaxDelqEver"": ""Never Delinquent""}","{""ExternalRiskEstimate"": -162.2661895751953, ""MSinceOldestTradeOpen"": 270.47747802734375, ""MSinceMostRecentTradeOpen"": 68.91451263427734, ""AverageMInFile"": -96.05390167236328, ""NumSatisfactoryTrades"": -167.0576934814453, ""NumTrades60Ever2DerogPubRec"": 113.1419906616211, ""NumTrades90Ever2DerogPubRec"": 86.6867904663086, ""PercentTradesNeverDelq"": 0.3739185333251953, ""MSinceMostRecentDelq"": -159.46722412109375, ""NumTotalTrades"": 0.33565521240234375, ""NumTradesOpeninLast12M"": 171.07615661621094, ""PercentInstallTrades"": -51.631591796875, ""MSinceMostRecentInqexcl7days"": -524.7946166992188, ""NumInqLast6M"": 428.43206787109375, ""NumInqLast6Mexcl7days"": 404.7078857421875, ""NetFractionRevolvingBurden"": 443.8172302246094, ""NetFractionInstallBurden"": 21.56159019470215, ""NumRevolvingTradesWBalance"": 323.88726806640625, ""NumInstallTradesWBalance"": -114.90705108642578, ""NumBank2NatlTradesWHighUtilization"": 90.34229278564453, ""PercentTradesWBalance"": 123.98892211914062, ""MaxDelq2PublicRecLast12M"": ""Never Delinquent"", ""MaxDelqEver"": ""Never Delinquent""}"
counternet,642,1,0,"[{""feature"": ""ExternalRiskEstimate"", ""from"": 84.0, ""to"": -267.26837158203125}, {""feature"": ""MSinceOldestTradeOpen"", ""from"": 403.0000305175781, ""to"": 287.00848388671875}, {""feature"": ""MSinceMostRecentTradeOpen"", ""from"": 14.0, ""to"": 56.04212951660156}, {""feature"": ""AverageMInFile"", ""from"": 157.0, ""to"": -205.828857421875}, {""feature"": ""NumSatisfactoryTrades"", ""from"": 26.0, ""to"": -248.74691772460938}, {""feature"": ""NumTrades60Ever2DerogPubRec"", ""from"": 0.0, ""to"": 170.04391479492188}, {""feature"": ""NumTrades90Ever2DerogPubRec"", ""from"": 0.0, ""to"": 131.7752227783203}, {""feature"": ""PercentTradesNeverDelq"", ""from"": 100.0, ""to"": -48.704097747802734}, {""feature"": ""MSinceMostRecentDelq"", ""from"": -7.0, ""to"": -236.45098876953125}, {""feature"": ""NumTotalTrades"", ""from"": 27.0, ""to"": -21.13477325439453}, {""feature"": ""NumTradesOpeninLast12M"", ""from"": 0.0, ""to"": 267.1330871582031}, {""feature"": ""PercentInstallTrades"", ""from"": 7.0, ""to"": -28.81159019470215}, {""feature"": ""MSinceMostRecentInqexcl7days"", ""from"": 13.0, ""to"": -701.6746826171875}, {""feature"": ""NumInqLast6M"", ""from"": 0.0, ""to"": 586.1011352539062}, {""feature"": ""NumInqLast6Mexcl7days"", ""from"": 0.0, ""to"": 545.1524658203125}, {""feature"": ""NetFractionRevolvingBurden"", ""from"": 3.0, ""to"": 577.9917602539062}, {""feature"": ""NetFractionInstallBurden"", ""from"": -8.0, ""to"": 24.410118103027344}, {""feature"": ""NumRevolvingTradesWBalance"", ""from"": 11.0, ""to"": 457.2319030761719}, {""feature"": ""NumInstallTradesWBalance"", ""from"": 1.0, ""to"": -162.10523986816406}, {""feature"": ""NumBank2NatlTradesWHighUtilization"", ""from"": 1.0, ""to"": 111.99330139160156}, {""feature"": ""PercentTradesWBalance"", ""from"": 75.0, ""to"": 180.85386657714844}]","{""ExternalRiskEstimate"": 84.0, ""MSinceOldestTradeOpen"": 403.0000305175781, ""MSinceMostRecentTradeOpen"": 14.0, ""AverageMInFile"": 157.0, ""NumSatisfactoryTrades"": 26.0, ""NumTrades60Ever2DerogPubRec"": 0.0, ""NumTrades90Ever2DerogPubRec"": 0.0, ""PercentTradesNeverDelq"": 100.0, ""MSinceMostRecentDelq"": -7.0, ""NumTotalTrades"": 27.0, ""NumTradesOpeninLast12M"": 0.0, ""PercentInstallTrades"": 7.0, ""MSinceMostRecentInqexcl7days"": 13.0, ""NumInqLast6M"": 0.0, ""NumInqLast6Mexcl7days"": 0.0, ""NetFractionRevolvingBurden"": 3.0, ""NetFractionInstallBurden"": -8.0, ""NumRevolvingTradesWBalance"": 11.0, ""NumInstallTradesWBalance"": 1.0, ""NumBank2NatlTradesWHighUtilization"": 1.0, ""PercentTradesWBalance"": 75.0, ""MaxDelq2PublicRecLast12M"": ""Never Delinquent"", ""MaxDelqEver"": ""Never Delinquent""}","{""ExternalRiskEstimate"": -267.26837158203125, ""MSinceOldestTradeOpen"": 287.00848388671875, ""MSinceMostRecentTradeOpen"": 56.04212951660156, ""AverageMInFile"": -205.828857421875, ""NumSatisfactoryTrades"": -248.74691772460938, ""NumTrades60Ever2DerogPubRec"": 170.04391479492188, ""NumTrades90Ever2DerogPubRec"": 131.7752227783203, ""PercentTradesNeverDelq"": -48.704097747802734, ""MSinceMostRecentDelq"": -236.45098876953125, ""NumTotalTrades"": -21.13477325439453, ""NumTradesOpeninLast12M"": 267.1330871582031, ""PercentInstallTrades"": -28.81159019470215, ""MSinceMostRecentInqexcl7days"": -701.6746826171875, ""NumInqLast6M"": 586.1011352539062, ""NumInqLast6Mexcl7days"": 545.1524658203125, ""NetFractionRevolvingBurden"": 577.9917602539062, ""NetFractionInstallBurden"": 24.410118103027344, ""NumRevolvingTradesWBalance"": 457.2319030761719, ""NumInstallTradesWBalance"": -162.10523986816406, ""NumBank2NatlTradesWHighUtilization"": 111.99330139160156, ""PercentTradesWBalance"": 180.85386657714844, ""MaxDelq2PublicRecLast12M"": ""Never Delinquent"", ""MaxDelqEver"": ""Never Delinquent""}"
counternet,366,1,0,"[{""feature"": ""ExternalRiskEstimate"", ""from"": 72.0, ""to"": -133.9779052734375}, {""feature"": ""MSinceOldestTradeOpen"", ""from"": 365.0, ""to"": 257.28875732421875}, {""feature"": ""MSinceMostRecentTradeOpen"", ""from"": 1.0, ""to"": 60.8173828125}, {""feature"": ""AverageMInFile"", ""from"": 46.0, ""to"": -74.60447692871094}, {""feature"": ""NumSatisfactoryTrades"", ""from"": 21.0, ""to"": -143.38375854492188}, {""feature"": ""NumTrades60Ever2DerogPubRec"", ""from"": 0.0, ""to"": 96.98258972167969}, {""feature"": ""NumTrades90Ever2DerogPubRec"", ""from"": 0.0, ""to"": 75.41845703125}, {""feature"": ""PercentTradesNeverDelq"", ""from"": 95.0, ""to"": 3.601573944091797}, {""feature"": ""MSinceMostRecentDelq"", ""from"": 53.000003814697266, ""to"": -145.31459045410156}, {""feature"": ""NumTotalTrades"", ""from"": 40.0, ""to"": -1.3029861450195312}, {""feature"": ""NumTradesOpeninLast12M"", ""from"": 3.0, ""to"": 147.6162567138672}, {""feature"": ""PercentInstallTrades"", ""from"": 9.0, ""to"": -46.96855163574219}, {""feature"": ""MSinceMostRecentInqexcl7days"", ""from"": 11.0, ""to"": -464.26641845703125}, {""feature"": ""NumInqLast6M"", ""from"": 0.0, ""to"": 378.6222229003906}, {""feature"": ""NumInqLast6Mexcl7days"", ""from"": 0.0, ""to"": 356.41510009765625}, {""feature"": ""NetFractionRevolvingBurden"", ""from"": 20.000001907348633, ""to"": 401.0116882324219}, {""feature"": ""NetFractionInstallBurden"", ""from"": -8.0, ""to"": 25.339916229248047}, {""feature"": ""NumRevolvingTradesWBalance"", ""from"": 7.0, ""to"": 282.6642761230469}, {""feature"": ""NumInstallTradesWBalance"", ""from"": 1.0, ""to"": -100.93608856201172}, {""feature"": ""NumBank2NatlTradesWHighUtilization"", ""from"": 1.0, ""to"": 73.68401336669922}, {""feature"": ""PercentTradesWBalance"", ""from"": 56.0, ""to"": 113.43136596679688}, {""feature"": ""MaxDelq2PublicRecLast12M"", ""from"": NaN, ""to"": ""Never Delinquent""}, {""feature"": ""MaxDelqEver"", ""from"": ""30 Days Delinquent"", ""to"": ""Never Delinquent""}]","{""ExternalRiskEstimate"": 72.0, ""MSinceOldestTradeOpen"": 365.0, ""MSinceMostRecentTradeOpen"": 1.0, ""AverageMInFile"": 46.0, ""NumSatisfactoryTrades"": 21.0, ""NumTrades60Ever2DerogPubRec"": 0.0, ""NumTrades90Ever2DerogPubRec"": 0.0, ""PercentTradesNeverDelq"": 95.0, ""MSinceMostRecentDelq"": 53.000003814697266, ""NumTotalTrades"": 40.0, ""NumTradesOpeninLast12M"": 3.0, ""PercentInstallTrades"": 9.0, ""MSinceMostRecentInqexcl7days"": 11.0, ""NumInqLast6M"": 0.0, ""NumInqLast6Mexcl7days"": 0.0, ""NetFractionRevolvingBurden"": 20.000001907348633, ""NetFractionInstallBurden"": -8.0, ""NumRevolvingTradesWBalance"": 7.0, ""NumInstallTradesWBalance"": 1.0, ""NumBank2NatlTradesWHighUtilization"": 1.0, ""PercentTradesWBalance"": 56.0, ""MaxDelq2PublicRecLast12M"": NaN, ""MaxDelqEver"": ""30 Days Delinquent""}","{""ExternalRiskEstimate"": -133.9779052734375, ""MSinceOldestTradeOpen"": 257.28875732421875, ""MSinceMostRecentTradeOpen"": 60.8173828125, ""AverageMInFile"": -74.60447692871094, ""NumSatisfactoryTrades"": -143.38375854492188, ""NumTrades60Ever2DerogPubRec"": 96.98258972167969, ""NumTrades90Ever2DerogPubRec"": 75.41845703125, ""PercentTradesNeverDelq"": 3.601573944091797, ""MSinceMostRecentDelq"": -145.31459045410156, ""NumTotalTrades"": -1.3029861450195312, ""NumTradesOpeninLast12M"": 147.6162567138672, ""PercentInstallTrades"": -46.96855163574219, ""MSinceMostRecentInqexcl7days"": -464.26641845703125, ""NumInqLast6M"": 378.6222229003906, ""NumInqLast6Mexcl7days"": 356.41510009765625, ""NetFractionRevolvingBurden"": 401.0116882324219, ""NetFractionInstallBurden"": 25.339916229248047, ""NumRevolvingTradesWBalance"": 282.6642761230469, ""NumInstallTradesWBalance"": -100.93608856201172, ""NumBank2NatlTradesWHighUtilization"": 73.68401336669922, ""PercentTradesWBalance"": 113.43136596679688, ""MaxDelq2PublicRecLast12M"": ""Never Delinquent"", ""MaxDelqEver"": ""Never Delinquent""}"
counternet,157,1,0,"[{""feature"": ""ExternalRiskEstimate"", ""from"": 73.0, ""to"": -146.46737670898438}, {""feature"": ""MSinceOldestTradeOpen"", ""from"": 188.0, ""to"": 259.2538146972656}, {""feature"": ""MSinceMostRecentTradeOpen"", ""from"": 4.0, ""to"": 62.89604187011719}, {""feature"": ""AverageMInFile"", ""from"": 83.0, ""to"": -85.29190063476562}, {""feature"": ""NumSatisfactoryTrades"", ""from"": 31.0, ""to"": -155.17018127441406}, {""feature"": ""NumTrades60Ever2DerogPubRec"", ""from"": 0.0, ""to"": 106.47733306884766}, {""feature"": ""NumTrades90Ever2DerogPubRec"", ""from"": 0.0, ""to"": 83.11956787109375}, {""feature"": ""PercentTradesNeverDelq"", ""from"": 100.0, ""to"": -0.8933839797973633}, {""feature"": ""MSinceMostRecentDelq"", ""from"": -7.0, ""to"": -152.38526916503906}, {""feature"": ""NumTotalTrades"", ""from"": 32.0, ""to"": -4.40855598449707}, {""feature"": ""NumTradesOpeninLast12M"", ""from"": 2.0, ""to"": 158.27330017089844}, {""feature"": ""PercentInstallTrades"", ""from"": 42.0, ""to"": -45.113460540771484}, {""feature"": ""MSinceMostRecentInqexcl7days"", ""from"": 7.0, ""to"": -487.78900146484375}, {""feature"": ""NumInqLast6M"", ""from"": 1.0, ""to"": 400.13067626953125}, {""feature"": ""NumInqLast6Mexcl7days"", ""from"": 0.0, ""to"": 377.25115966796875}, {""feature"": ""NetFractionRevolvingBurden"", ""from"": 37.0, ""to"": 419.09002685546875}, {""feature"": ""NetFractionInstallBurden"", ""from"": 85.0, ""to"": 24.898475646972656}, {""feature"": ""NumRevolvingTradesWBalance"", ""from"": 2.0, ""to"": 299.0744934082031}, {""feature"": ""NumInstallTradesWBalance"", ""from"": 4.0, ""to"": -109.5519027709961}, {""feature"": ""NumBank2NatlTradesWHighUtilization"", ""from"": 2.0, ""to"": 75.8744125366211}, {""feature"": ""PercentTradesWBalance"", ""from"": 75.0, ""to"": 119.52793884277344}]","{""ExternalRiskEstimate"": 73.0, ""MSinceOldestTradeOpen"": 188.0, ""MSinceMostRecentTradeOpen"": 4.0, ""AverageMInFile"": 83.0, ""NumSatisfactoryTrades"": 31.0, ""NumTrades60Ever2DerogPubRec"": 0.0, ""NumTrades90Ever2DerogPubRec"": 0.0, ""PercentTradesNeverDelq"": 100.0, ""MSinceMostRecentDelq"": -7.0, ""NumTotalTrades"": 32.0, ""NumTradesOpeninLast12M"": 2.0, ""PercentInstallTrades"": 42.0, ""MSinceMostRecentInqexcl7days"": 7.0, ""NumInqLast6M"": 1.0, ""NumInqLast6Mexcl7days"": 0.0, ""NetFractionRevolvingBurden"": 37.0, ""NetFractionInstallBurden"": 85.0, ""NumRevolvingTradesWBalance"": 2.0, ""NumInstallTradesWBalance"": 4.0, ""NumBank2NatlTradesWHighUtilization"": 2.0, ""PercentTradesWBalance"": 75.0, ""MaxDelq2PublicRecLast12M"": ""Never Delinquent"", ""MaxDelqEver"": ""Never Delinquent""}","{""ExternalRiskEstimate"": -146.46737670898438, ""MSinceOldestTradeOpen"": 259.2538146972656, ""MSinceMostRecentTradeOpen"": 62.89604187011719, ""AverageMInFile"": -85.29190063476562, ""NumSatisfactoryTrades"": -155.17018127441406, ""NumTrades60Ever2DerogPubRec"": 106.47733306884766, ""NumTrades90Ever2DerogPubRec"": 83.11956787109375, ""PercentTradesNeverDelq"": -0.8933839797973633, ""MSinceMostRecentDelq"": -152.38526916503906, ""NumTotalTrades"": -4.40855598449707, ""NumTradesOpeninLast12M"": 158.27330017089844, ""PercentInstallTrades"": -45.113460540771484, ""MSinceMostRecentInqexcl7days"": -487.78900146484375, ""NumInqLast6M"": 400.13067626953125, ""NumInqLast6Mexcl7days"": 377.25115966796875, ""NetFractionRevolvingBurden"": 419.09002685546875, ""NetFractionInstallBurden"": 24.898475646972656, ""NumRevolvingTradesWBalance"": 299.0744934082031, ""NumInstallTradesWBalance"": -109.5519027709961, ""NumBank2NatlTradesWHighUtilization"": 75.8744125366211, ""PercentTradesWBalance"": 119.52793884277344, ""MaxDelq2PublicRecLast12M"": ""Never Delinquent"", ""MaxDelqEver"": ""Never Delinquent""}"
