run_dir,gs,lambda_2,action_cost_base,gumbel_tau_mask,l2_l3_target_ratio,model,cat_proximity,cont_proximity,sensitivity,time,pred_accuracy,proximity,sparsity,manifold_dist,validity_recourse,actionability_rate,monotonicity_violation_rate,immutability_violation_rate,avg_num_actionability_violations,avg_num_actionability_changes,valid_change_rate,metrics_path
cfgen_flip_neg_stay_pos__gs000__lambda_2-0p0005_action_cost_base-0p005_gumbel_tau_mask-0p5,gs000,0.0005,0.005,0.5,,DiscreteRecourseNetModel,0.0,0.7131341695785522,1.0,0.0034487709032645,0.7026768922805786,0.0203752619879586,0.884915828704834,0.7065849304199219,1.0,1.0,0.0,0.0,0.0,6.700906276702881,0.8586564660072327,assets\results\cfgen_flip_neg_stay_pos__gs000__lambda_2-0p0005_action_cost_base-0p005_gumbel_tau_mask-0p5\home\seed-31\metrics.csv
cfgen_flip_neg_stay_pos__gs001__lambda_2-0p0005_action_cost_base-0p005_gumbel_tau_mask-0p75,gs001,0.0005,0.005,0.75,,DiscreteRecourseNetModel,0.2447129935026168,0.7026978731155396,1.0,0.0030905256763698,0.7026768922805786,0.0270688819033758,0.8791540637612343,0.8411654829978943,1.0,1.0,0.0,0.0,0.0,6.775679588317871,0.8616653680801392,assets\results\cfgen_flip_neg_stay_pos__gs001__lambda_2-0p0005_action_cost_base-0p005_gumbel_tau_mask-0p75\home\seed-31\metrics.csv
cfgen_flip_neg_stay_pos__gs002__lambda_2-0p0005_action_cost_base-0p005_gumbel_tau_mask-1,gs002,0.0005,0.005,1.0,,DiscreteRecourseNetModel,0.0845921486616134,0.7572961449623108,1.0,0.003115818217881,0.7026768922805786,0.0240539512463978,0.8663573414087296,0.7094619274139404,1.0,1.0,0.0,0.0,0.0,7.880664825439453,0.8807743787765503,assets\results\cfgen_flip_neg_stay_pos__gs002__lambda_2-0p0005_action_cost_base-0p005_gumbel_tau_mask-1\home\seed-31\metrics.csv
cfgen_flip_neg_stay_pos__gs003__lambda_2-0p0005_action_cost_base-0p005_gumbel_tau_mask-1p5,gs003,0.0005,0.005,1.5,,DiscreteRecourseNetModel,0.00151057401672,0.8186836242675781,1.0,0.003160897450055,0.7026768922805786,0.0234341199509799,0.8529995530843735,0.7321921586990356,1.0,1.0,0.0,0.0,0.0,8.824018478393555,0.8612514138221741,assets\results\cfgen_flip_neg_stay_pos__gs003__lambda_2-0p0005_action_cost_base-0p005_gumbel_tau_mask-1p5\home\seed-31\metrics.csv
cfgen_flip_neg_stay_pos__gs004__lambda_2-0p00075_action_cost_base-0p005_gumbel_tau_mask-0p5,gs004,0.00075,0.005,0.5,,DiscreteRecourseNetModel,0.0,0.6763167381286621,1.0,0.0027329374681695,0.7026768922805786,0.0193233353751046,0.894712969660759,0.6723124384880066,1.0,1.0,0.0,0.0,0.0,6.736404895782471,0.8400045037269592,assets\results\cfgen_flip_neg_stay_pos__gs004__lambda_2-0p00075_action_cost_base-0p005_gumbel_tau_mask-0p5\home\seed-31\metrics.csv
cfgen_flip_neg_stay_pos__gs005__lambda_2-0p00075_action_cost_base-0p005_gumbel_tau_mask-0p75,gs005,0.00075,0.005,0.75,,DiscreteRecourseNetModel,0.0105740185827016,0.6730380058288574,1.0,0.0027318521621806,0.7026768922805786,0.0195317721260445,0.8944756090641022,0.6689043045043945,1.0,1.0,0.0,0.0,0.0,6.756797790527344,0.8404873609542847,assets\results\cfgen_flip_neg_stay_pos__gs005__lambda_2-0p00075_action_cost_base-0p005_gumbel_tau_mask-0p75\home\seed-31\metrics.csv
cfgen_flip_neg_stay_pos__gs006__lambda_2-0p00075_action_cost_base-0p005_gumbel_tau_mask-1,gs006,0.00075,0.005,1.0,,DiscreteRecourseNetModel,0.1057401821017265,0.689005970954895,1.0,0.0027559505593936,0.7026768922805786,0.0227070329444749,0.8894907087087631,0.7142150402069092,1.0,1.0,0.0,0.0,0.0,7.6669182777404785,0.8381440043449402,assets\results\cfgen_flip_neg_stay_pos__gs006__lambda_2-0p00075_action_cost_base-0p005_gumbel_tau_mask-1\home\seed-31\metrics.csv
cfgen_flip_neg_stay_pos__gs007__lambda_2-0p00075_action_cost_base-0p005_gumbel_tau_mask-1p5,gs007,0.00075,0.005,1.5,,DiscreteRecourseNetModel,0.0,0.7875625491142273,1.0,0.0027274595391909,0.7026768922805786,0.0225017871175493,0.8599697649478912,0.6996906399726868,1.0,1.0,0.0,0.0,0.0,8.845166206359863,0.8537272810935974,assets\results\cfgen_flip_neg_stay_pos__gs007__lambda_2-0p00075_action_cost_base-0p005_gumbel_tau_mask-1p5\home\seed-31\metrics.csv
cfgen_flip_neg_stay_pos__gs008__lambda_2-0p001_action_cost_base-0p005_gumbel_tau_mask-0p5,gs008,0.001,0.005,0.5,,DiscreteRecourseNetModel,0.0,0.6591311693191528,1.0,0.0027376737011094,0.7026768922805786,0.0188323191234043,0.8968493640422821,0.660873293876648,1.0,1.0,0.0,0.0,0.0,6.150301933288574,0.82475745677948,assets\results\cfgen_flip_neg_stay_pos__gs008__lambda_2-0p001_action_cost_base-0p005_gumbel_tau_mask-0p5\home\seed-31\metrics.csv
cfgen_flip_neg_stay_pos__gs009__lambda_2-0p001_action_cost_base-0p005_gumbel_tau_mask-0p75,gs009,0.001,0.005,0.75,,DiscreteRecourseNetModel,0.0075528700836002,0.654768705368042,1.0,0.0027443409877798,0.7026768922805786,0.0189234735843326,0.9012300297617912,0.6529818773269653,1.0,1.0,0.0,0.0,0.0,6.602718830108643,0.8337908983230591,assets\results\cfgen_flip_neg_stay_pos__gs009__lambda_2-0p001_action_cost_base-0p005_gumbel_tau_mask-0p75\home\seed-31\metrics.csv
cfgen_flip_neg_stay_pos__gs000__lambda_2-0p001_action_cost_base-0p005_gumbel_tau_mask-1,gs000,0.001,0.005,1.0,,DiscreteRecourseNetModel,0.0664652585983276,0.6433073878288269,1.0,0.0029889176498179,0.7026768922805786,0.0202792184693472,0.9061070308089256,0.6552393436431885,1.0,1.0,0.0,0.0,0.0,7.171450138092041,0.8242232799530029,assets\results\cfgen_flip_neg_stay_pos__gs000__lambda_2-0p001_action_cost_base-0p005_gumbel_tau_mask-1\home\seed-31\metrics.csv
cfgen_flip_neg_stay_pos__gs010__lambda_2-0p001_action_cost_base-0p005_gumbel_tau_mask-1,gs010,0.001,0.005,1.0,,DiscreteRecourseNetModel,0.0664652585983276,0.6433073878288269,1.0,0.0027376915938995,0.7026768922805786,0.0202792184693472,0.9061070308089256,0.6552393436431885,1.0,1.0,0.0,0.0,0.0,7.171450138092041,0.8242232799530029,assets\results\cfgen_flip_neg_stay_pos__gs010__lambda_2-0p001_action_cost_base-0p005_gumbel_tau_mask-1\home\seed-31\metrics.csv
cfgen_flip_neg_stay_pos__gs001__lambda_2-0p001_action_cost_base-0p005_gumbel_tau_mask-1p5,gs001,0.001,0.005,1.5,,DiscreteRecourseNetModel,0.0,0.7727487683296204,1.0,0.0028426651744951,0.7026768922805786,0.0220785362379891,0.8626456409692764,0.6973717212677002,1.0,1.0,0.0,0.0,0.0,8.216767311096191,0.8434599041938782,assets\results\cfgen_flip_neg_stay_pos__gs001__lambda_2-0p001_action_cost_base-0p005_gumbel_tau_mask-1p5\home\seed-31\metrics.csv
cfgen_flip_neg_stay_pos__gs011__lambda_2-0p001_action_cost_base-0p005_gumbel_tau_mask-1p5,gs011,0.001,0.005,1.5,,DiscreteRecourseNetModel,0.0,0.7727487683296204,1.0,0.0027206394230202,0.7026768922805786,0.0220785362379891,0.8626456409692764,0.6973717212677002,1.0,1.0,0.0,0.0,0.0,8.216767311096191,0.8434599041938782,assets\results\cfgen_flip_neg_stay_pos__gs011__lambda_2-0p001_action_cost_base-0p005_gumbel_tau_mask-1p5\home\seed-31\metrics.csv
cfgen_flip_neg_stay_pos__gs006__lambda_2-0p001_action_cost_base-0p01_gumbel_tau_mask-1,gs006,0.001,0.01,1.0,,DiscreteRecourseNetModel,0.0755287036299705,0.6470316648483276,1.0,0.0027137951458845,0.7026768922805786,0.0206445819565228,0.9058696553111076,0.6639214158058167,1.0,1.0,0.0,0.0,0.0,7.112537860870361,0.8227673172950745,assets\results\cfgen_flip_neg_stay_pos__gs006__lambda_2-0p001_action_cost_base-0p01_gumbel_tau_mask-1\home\seed-31\metrics.csv
cfgen_flip_neg_stay_pos__gs007__lambda_2-0p001_action_cost_base-0p01_gumbel_tau_mask-1p5,gs007,0.001,0.01,1.5,,DiscreteRecourseNetModel,0.0,0.7804161310195923,1.0,0.0027382568693069,0.7026768922805786,0.0222976037434169,0.861113503575325,0.6992078423500061,1.0,1.0,0.0,0.0,0.0,8.353474617004395,0.8397830128669739,assets\results\cfgen_flip_neg_stay_pos__gs007__lambda_2-0p001_action_cost_base-0p01_gumbel_tau_mask-1p5\home\seed-31\metrics.csv
cfgen_flip_neg_stay_pos__gs012__lambda_2-0p001_action_cost_base-0p02_gumbel_tau_mask-1,gs012,0.001,0.02,1.0,,DiscreteRecourseNetModel,0.0589123852550983,0.6482241749763489,1.0,0.0027191732399322,0.7026768922805786,0.0202039017208984,0.9061286002397536,0.6566867232322693,1.0,1.0,0.0,0.0,0.0,7.165407657623291,0.8234425783157349,assets\results\cfgen_flip_neg_stay_pos__gs012__lambda_2-0p001_action_cost_base-0p02_gumbel_tau_mask-1\home\seed-31\metrics.csv
cfgen_flip_neg_stay_pos__gs013__lambda_2-0p001_action_cost_base-0p02_gumbel_tau_mask-1p5,gs013,0.001,0.02,1.5,,DiscreteRecourseNetModel,0.0,0.779674768447876,1.0,0.0027508460996711,0.7026768922805786,0.0222764219556536,0.8611566424369812,0.6985195875167847,1.0,1.0,0.0,0.0,0.0,8.35649585723877,0.839931309223175,assets\results\cfgen_flip_neg_stay_pos__gs013__lambda_2-0p001_action_cost_base-0p02_gumbel_tau_mask-1p5\home\seed-31\metrics.csv
cfgen_flip_neg_stay_pos__gs012__lambda_2-0p0015_action_cost_base-0p005_gumbel_tau_mask-0p5,gs012,0.0015,0.005,0.5,,DiscreteRecourseNetModel,0.0,0.6195725202560425,1.0,0.0027324844500758,0.7026768922805786,0.0177020720073154,0.9107250720262527,0.632332444190979,1.0,1.0,0.0,0.0,0.0,5.7341389656066895,0.812170684337616,assets\results\cfgen_flip_neg_stay_pos__gs012__lambda_2-0p0015_action_cost_base-0p005_gumbel_tau_mask-0p5\home\seed-31\metrics.csv
cfgen_flip_neg_stay_pos__gs013__lambda_2-0p0015_action_cost_base-0p005_gumbel_tau_mask-0p75,gs013,0.0015,0.005,0.75,,DiscreteRecourseNetModel,0.0,0.6355330944061279,1.0,0.0027154803731929,0.7026768922805786,0.0181580884116036,0.9082434102892876,0.6265198588371277,1.0,1.0,0.0,0.0,0.0,6.632930278778076,0.811090886592865,assets\results\cfgen_flip_neg_stay_pos__gs013__lambda_2-0p0015_action_cost_base-0p005_gumbel_tau_mask-0p75\home\seed-31\metrics.csv
cfgen_flip_neg_stay_pos__gs014__lambda_2-0p0015_action_cost_base-0p005_gumbel_tau_mask-1,gs014,0.0015,0.005,1.0,,DiscreteRecourseNetModel,0.0,0.6541149020195007,1.0,0.0027698481288056,0.7026768922805786,0.0186889972005571,0.9079844579100608,0.6445323824882507,1.0,1.0,0.0,0.0,0.0,6.5974321365356445,0.8090440630912781,assets\results\cfgen_flip_neg_stay_pos__gs014__lambda_2-0p0015_action_cost_base-0p005_gumbel_tau_mask-1\home\seed-31\metrics.csv
cfgen_flip_neg_stay_pos__gs015__lambda_2-0p0015_action_cost_base-0p005_gumbel_tau_mask-1p5,gs015,0.0015,0.005,1.5,,DiscreteRecourseNetModel,0.0,0.7599555253982544,1.0,0.0027143240658776,0.7026768922805786,0.0217130150113786,0.8621924817562103,0.6769427061080933,1.0,1.0,0.0,0.0,0.0,8.419939994812012,0.8376390337944031,assets\results\cfgen_flip_neg_stay_pos__gs015__lambda_2-0p0015_action_cost_base-0p005_gumbel_tau_mask-1p5\home\seed-31\metrics.csv
cfgen_flip_neg_stay_pos__gs016__lambda_2-0p002_action_cost_base-0p005_gumbel_tau_mask-0p5,gs016,0.002,0.005,0.5,,DiscreteRecourseNetModel,0.0,0.606346607208252,1.0,0.0027429270014936,0.7026768922805786,0.0173241887773786,0.9140051677823068,0.6233071684837341,1.0,1.0,0.0,0.0,0.0,5.543806552886963,0.8055858016014099,assets\results\cfgen_flip_neg_stay_pos__gs016__lambda_2-0p002_action_cost_base-0p005_gumbel_tau_mask-0p5\home\seed-31\metrics.csv
cfgen_flip_neg_stay_pos__gs017__lambda_2-0p002_action_cost_base-0p005_gumbel_tau_mask-0p75,gs017,0.002,0.005,0.75,,DiscreteRecourseNetModel,0.0,0.6297522187232971,1.0,0.0027253816962014,0.7026768922805786,0.0179929205349513,0.9087181612849236,0.6249107122421265,1.0,1.0,0.0,0.0,0.0,6.034743309020996,0.7927409410476685,assets\results\cfgen_flip_neg_stay_pos__gs017__lambda_2-0p002_action_cost_base-0p005_gumbel_tau_mask-0p75\home\seed-31\metrics.csv
cfgen_flip_neg_stay_pos__gs018__lambda_2-0p002_action_cost_base-0p005_gumbel_tau_mask-1,gs018,0.002,0.005,1.0,,DiscreteRecourseNetModel,0.0,0.6272184252738953,1.0,0.0027559902198455,0.7026768922805786,0.017920526436397,0.9094518721103668,0.6217947006225586,1.0,1.0,0.0,0.0,0.0,6.066465377807617,0.794198215007782,assets\results\cfgen_flip_neg_stay_pos__gs018__lambda_2-0p002_action_cost_base-0p005_gumbel_tau_mask-1\home\seed-31\metrics.csv
cfgen_flip_neg_stay_pos__gs019__lambda_2-0p002_action_cost_base-0p005_gumbel_tau_mask-1p5,gs019,0.002,0.005,1.5,,DiscreteRecourseNetModel,0.0,0.6916131377220154,1.0,0.002744383611369,0.7026768922805786,0.0197603753634861,0.8865990340709686,0.6331509351730347,1.0,1.0,0.0,0.0,0.0,6.904833793640137,0.8192955851554871,assets\results\cfgen_flip_neg_stay_pos__gs019__lambda_2-0p002_action_cost_base-0p005_gumbel_tau_mask-1p5\home\seed-31\metrics.csv
